,Bladder Urothelial Carcinoma,Brain Lower Grade Glioma,Breast Invasive Carcinoma,Cervical Squamous Cell Carcinoma and Endocervical Adenocarcinoma,Colon Adenocarcinoma,Esophageal Carcinoma,Glioblastoma Multiforme,Head and Neck Squamous Cell Carcinoma,Kidney Renal Papillary Cell Carcinoma,Liver Hepatocellular Carcinoma,Lung Adenocarcinoma,Lung Squamous Cell Carcinoma,Ovarian Serous Cystadenocarcinoma,Prostate Adenocarcinoma,Rectum Adenocarcinoma,Sarcoma,Skin Cutaneous Melanoma,Stomach Adenocarcinoma,Thyroid Carcinoma,Uterine Corpus Endometrial Carcinoma,Uveal Melanoma,prediction
1236,0.05,0.06,0.2,0.05,0.02,0.03,0.01,0.05,0.02,0.03,0.05,0.0,0.03,0.0,0.02,0.02,0.11,0.03,0.03,0.18,0.01,Breast Invasive Carcinoma
220,0.08,0.0,0.02,0.01,0.02,0.03,0.01,0.13,0.0,0.0,0.1,0.0,0.01,0.06,0.0,0.0,0.1,0.19,0.14,0.1,0.0,Stomach Adenocarcinoma
298,0.1,0.06,0.0,0.01,0.01,0.03,0.01,0.23,0.01,0.0,0.02,0.0,0.01,0.14,0.01,0.0,0.06,0.15,0.03,0.12,0.0,Head and Neck Squamous Cell Carcinoma
506,0.06,0.04,0.07,0.02,0.31,0.04,0.0,0.01,0.0,0.01,0.03,0.0,0.0,0.01,0.16,0.01,0.08,0.03,0.02,0.08,0.02,Colon Adenocarcinoma
679,0.05,0.03,0.0,0.03,0.04,0.04,0.01,0.05,0.22,0.11,0.03,0.02,0.0,0.02,0.04,0.03,0.13,0.05,0.07,0.03,0.0,Kidney Renal Papillary Cell Carcinoma
18,0.08,0.01,0.03,0.02,0.02,0.0,0.29,0.09,0.0,0.0,0.06,0.01,0.24,0.05,0.02,0.01,0.0,0.04,0.01,0.02,0.0,Glioblastoma Multiforme
215,0.12,0.06,0.02,0.01,0.0,0.02,0.01,0.21,0.02,0.03,0.03,0.0,0.01,0.03,0.02,0.0,0.2,0.06,0.07,0.04,0.04,Head and Neck Squamous Cell Carcinoma
485,0.03,0.0,0.01,0.0,0.07,0.0,0.07,0.18,0.0,0.0,0.05,0.01,0.04,0.18,0.01,0.0,0.02,0.22,0.02,0.08,0.01,Stomach Adenocarcinoma
1827,0.05,0.04,0.06,0.05,0.02,0.02,0.01,0.03,0.01,0.0,0.03,0.0,0.0,0.07,0.01,0.01,0.12,0.02,0.03,0.08,0.34,Uveal Melanoma
1070,0.02,0.05,0.29,0.06,0.07,0.04,0.01,0.03,0.03,0.02,0.02,0.01,0.06,0.02,0.03,0.03,0.05,0.03,0.01,0.09,0.03,Breast Invasive Carcinoma
1123,0.04,0.0,0.38,0.02,0.04,0.02,0.0,0.02,0.03,0.04,0.08,0.02,0.03,0.01,0.02,0.0,0.01,0.07,0.05,0.11,0.01,Breast Invasive Carcinoma
1509,0.19,0.05,0.07,0.09,0.02,0.06,0.01,0.01,0.06,0.0,0.05,0.0,0.02,0.04,0.02,0.02,0.12,0.03,0.08,0.05,0.01,Bladder Urothelial Carcinoma
712,0.12,0.0,0.06,0.03,0.01,0.01,0.02,0.14,0.03,0.0,0.2,0.0,0.0,0.05,0.02,0.01,0.07,0.07,0.07,0.05,0.04,Lung Adenocarcinoma
1228,0.11,0.01,0.02,0.0,0.01,0.01,0.01,0.08,0.01,0.0,0.01,0.0,0.01,0.01,0.01,0.0,0.1,0.02,0.1,0.44,0.04,Uterine Corpus Endometrial Carcinoma
985,0.11,0.03,0.06,0.02,0.03,0.08,0.01,0.01,0.0,0.01,0.05,0.0,0.01,0.05,0.01,0.01,0.3,0.05,0.1,0.04,0.02,Skin Cutaneous Melanoma
1603,0.03,0.04,0.08,0.04,0.01,0.01,0.01,0.06,0.02,0.01,0.03,0.0,0.01,0.04,0.03,0.34,0.04,0.01,0.06,0.13,0.0,Sarcoma
1358,0.05,0.09,0.08,0.04,0.03,0.13,0.0,0.0,0.01,0.0,0.09,0.0,0.04,0.13,0.05,0.0,0.08,0.08,0.03,0.06,0.01,Esophageal Carcinoma
1140,0.02,0.04,0.41,0.02,0.02,0.03,0.01,0.01,0.02,0.0,0.04,0.02,0.02,0.0,0.02,0.0,0.01,0.05,0.08,0.18,0.0,Breast Invasive Carcinoma
249,0.06,0.03,0.02,0.01,0.02,0.01,0.01,0.26,0.02,0.01,0.02,0.0,0.0,0.2,0.0,0.0,0.02,0.17,0.05,0.07,0.02,Head and Neck Squamous Cell Carcinoma
6,0.03,0.02,0.07,0.04,0.03,0.0,0.03,0.06,0.01,0.05,0.03,0.0,0.39,0.03,0.02,0.02,0.05,0.02,0.0,0.09,0.01,Ovarian Serous Cystadenocarcinoma
1754,0.03,0.04,0.08,0.28,0.08,0.03,0.0,0.03,0.03,0.01,0.04,0.0,0.0,0.0,0.0,0.01,0.07,0.0,0.11,0.13,0.03,Cervical Squamous Cell Carcinoma and Endocervical Adenocarcinoma
1227,0.04,0.02,0.02,0.01,0.0,0.01,0.04,0.02,0.02,0.0,0.02,0.0,0.02,0.02,0.0,0.0,0.03,0.01,0.08,0.63,0.01,Uterine Corpus Endometrial Carcinoma
1083,0.0,0.03,0.5,0.02,0.04,0.02,0.0,0.02,0.05,0.01,0.03,0.0,0.03,0.0,0.01,0.13,0.02,0.01,0.03,0.05,0.0,Breast Invasive Carcinoma
1165,0.05,0.02,0.37,0.03,0.05,0.05,0.03,0.02,0.04,0.0,0.05,0.0,0.02,0.0,0.02,0.0,0.11,0.0,0.04,0.09,0.01,Breast Invasive Carcinoma
511,0.05,0.06,0.04,0.01,0.4,0.05,0.0,0.02,0.0,0.01,0.03,0.0,0.01,0.01,0.13,0.0,0.11,0.01,0.01,0.03,0.02,Colon Adenocarcinoma
731,0.04,0.02,0.03,0.0,0.05,0.04,0.03,0.04,0.0,0.0,0.47,0.0,0.04,0.04,0.0,0.0,0.01,0.1,0.06,0.03,0.0,Lung Adenocarcinoma
1193,0.08,0.0,0.05,0.04,0.06,0.0,0.0,0.02,0.01,0.02,0.02,0.0,0.0,0.09,0.02,0.0,0.06,0.02,0.08,0.37,0.06,Uterine Corpus Endometrial Carcinoma
1805,0.08,0.01,0.01,0.04,0.01,0.03,0.01,0.03,0.0,0.0,0.02,0.0,0.0,0.04,0.02,0.01,0.11,0.04,0.07,0.06,0.41,Uveal Melanoma
1626,0.01,0.04,0.1,0.01,0.08,0.02,0.0,0.0,0.01,0.01,0.01,0.0,0.04,0.0,0.6,0.01,0.03,0.01,0.01,0.01,0.0,Rectum Adenocarcinoma
1246,0.1,0.01,0.01,0.04,0.01,0.0,0.01,0.07,0.04,0.0,0.0,0.0,0.04,0.02,0.0,0.0,0.11,0.0,0.08,0.42,0.04,Uterine Corpus Endometrial Carcinoma
1730,0.09,0.07,0.06,0.24,0.0,0.01,0.0,0.01,0.02,0.0,0.0,0.0,0.04,0.04,0.01,0.02,0.07,0.02,0.23,0.05,0.02,Cervical Squamous Cell Carcinoma and Endocervical Adenocarcinoma
1608,0.0,0.05,0.14,0.03,0.01,0.02,0.01,0.0,0.0,0.02,0.0,0.0,0.02,0.0,0.01,0.48,0.04,0.02,0.04,0.1,0.01,Sarcoma
440,0.07,0.02,0.07,0.01,0.08,0.01,0.0,0.06,0.16,0.11,0.05,0.01,0.06,0.01,0.06,0.01,0.09,0.03,0.03,0.05,0.01,Kidney Renal Papillary Cell Carcinoma
80,0.01,0.01,0.02,0.05,0.07,0.01,0.0,0.04,0.18,0.24,0.03,0.0,0.01,0.04,0.03,0.04,0.05,0.03,0.02,0.1,0.02,Liver Hepatocellular Carcinoma
1441,0.01,0.0,0.01,0.0,0.0,0.0,0.02,0.05,0.0,0.0,0.01,0.0,0.0,0.68,0.01,0.0,0.0,0.14,0.01,0.06,0.0,Prostate Adenocarcinoma
1196,0.02,0.04,0.13,0.09,0.05,0.04,0.02,0.02,0.01,0.0,0.03,0.0,0.02,0.04,0.0,0.01,0.25,0.01,0.05,0.17,0.0,Skin Cutaneous Melanoma
17,0.11,0.08,0.05,0.04,0.05,0.04,0.01,0.02,0.01,0.01,0.07,0.0,0.11,0.04,0.05,0.05,0.08,0.04,0.04,0.05,0.05,Bladder Urothelial Carcinoma
1809,0.1,0.06,0.05,0.03,0.11,0.04,0.0,0.02,0.03,0.0,0.09,0.02,0.02,0.04,0.02,0.02,0.09,0.01,0.04,0.09,0.12,Uveal Melanoma
279,0.07,0.02,0.03,0.06,0.12,0.02,0.0,0.06,0.03,0.02,0.08,0.0,0.01,0.03,0.05,0.03,0.1,0.14,0.03,0.07,0.03,Stomach Adenocarcinoma
240,0.12,0.01,0.02,0.03,0.01,0.0,0.01,0.26,0.02,0.0,0.03,0.02,0.0,0.04,0.0,0.0,0.12,0.09,0.14,0.07,0.01,Head and Neck Squamous Cell Carcinoma
107,0.02,0.03,0.01,0.03,0.01,0.0,0.04,0.48,0.01,0.01,0.01,0.0,0.06,0.05,0.0,0.0,0.04,0.03,0.01,0.09,0.07,Head and Neck Squamous Cell Carcinoma
77,0.06,0.04,0.02,0.06,0.05,0.01,0.06,0.03,0.12,0.07,0.04,0.02,0.03,0.02,0.08,0.01,0.11,0.02,0.05,0.04,0.06,Kidney Renal Papillary Cell Carcinoma
1519,0.21,0.02,0.02,0.03,0.11,0.03,0.02,0.09,0.0,0.0,0.08,0.0,0.0,0.06,0.03,0.0,0.03,0.12,0.05,0.09,0.01,Bladder Urothelial Carcinoma
1018,0.08,0.02,0.01,0.01,0.02,0.03,0.0,0.06,0.01,0.01,0.03,0.0,0.01,0.0,0.0,0.0,0.47,0.02,0.19,0.03,0.0,Skin Cutaneous Melanoma
1191,0.03,0.04,0.09,0.14,0.02,0.01,0.02,0.07,0.01,0.01,0.03,0.01,0.06,0.04,0.0,0.0,0.04,0.03,0.1,0.24,0.01,Uterine Corpus Endometrial Carcinoma
1031,0.06,0.06,0.12,0.09,0.01,0.01,0.02,0.06,0.03,0.09,0.02,0.0,0.01,0.06,0.04,0.02,0.13,0.03,0.06,0.08,0.0,Skin Cutaneous Melanoma
881,0.08,0.27,0.03,0.15,0.02,0.04,0.02,0.01,0.01,0.01,0.01,0.01,0.03,0.04,0.0,0.0,0.09,0.03,0.06,0.04,0.05,Brain Lower Grade Glioma
491,0.03,0.02,0.04,0.04,0.39,0.02,0.01,0.01,0.01,0.01,0.06,0.0,0.0,0.0,0.18,0.01,0.04,0.02,0.07,0.04,0.0,Colon Adenocarcinoma
1564,0.19,0.05,0.01,0.04,0.02,0.07,0.01,0.08,0.02,0.01,0.0,0.0,0.0,0.03,0.04,0.0,0.19,0.05,0.08,0.08,0.03,Bladder Urothelial Carcinoma
897,0.04,0.21,0.04,0.05,0.04,0.15,0.01,0.06,0.0,0.0,0.03,0.0,0.05,0.02,0.02,0.01,0.07,0.06,0.08,0.0,0.06,Brain Lower Grade Glioma
1522,0.15,0.04,0.02,0.03,0.03,0.02,0.04,0.08,0.04,0.03,0.04,0.01,0.01,0.0,0.02,0.0,0.16,0.1,0.12,0.04,0.02,Skin Cutaneous Melanoma
217,0.17,0.06,0.03,0.1,0.03,0.01,0.06,0.09,0.0,0.0,0.01,0.01,0.03,0.07,0.01,0.0,0.07,0.04,0.1,0.05,0.06,Bladder Urothelial Carcinoma
1292,0.03,0.0,0.01,0.0,0.08,0.02,0.09,0.1,0.0,0.01,0.12,0.0,0.01,0.04,0.02,0.0,0.08,0.09,0.1,0.2,0.0,Uterine Corpus Endometrial Carcinoma
30,0.06,0.05,0.04,0.01,0.05,0.01,0.0,0.04,0.06,0.01,0.04,0.09,0.05,0.04,0.04,0.01,0.15,0.09,0.1,0.05,0.01,Skin Cutaneous Melanoma
1254,0.06,0.01,0.0,0.0,0.0,0.0,0.05,0.06,0.0,0.0,0.06,0.0,0.05,0.28,0.02,0.0,0.01,0.13,0.04,0.12,0.11,Prostate Adenocarcinoma
1380,0.1,0.02,0.01,0.01,0.02,0.0,0.05,0.09,0.04,0.0,0.03,0.0,0.02,0.18,0.04,0.0,0.12,0.06,0.06,0.12,0.03,Prostate Adenocarcinoma
53,0.07,0.01,0.19,0.02,0.06,0.01,0.05,0.04,0.01,0.02,0.05,0.0,0.1,0.03,0.12,0.03,0.07,0.02,0.03,0.07,0.0,Breast Invasive Carcinoma
575,0.08,0.01,0.01,0.02,0.01,0.01,0.02,0.11,0.03,0.0,0.02,0.0,0.02,0.05,0.0,0.0,0.18,0.05,0.16,0.19,0.03,Uterine Corpus Endometrial Carcinoma
191,0.01,0.03,0.04,0.0,0.03,0.01,0.04,0.24,0.0,0.0,0.04,0.01,0.04,0.09,0.02,0.0,0.01,0.21,0.05,0.09,0.04,Head and Neck Squamous Cell Carcinoma
842,0.01,0.89,0.0,0.0,0.04,0.01,0.0,0.02,0.0,0.0,0.0,0.0,0.01,0.0,0.01,0.0,0.0,0.0,0.0,0.01,0.0,Brain Lower Grade Glioma
1257,0.02,0.03,0.01,0.0,0.04,0.01,0.02,0.17,0.0,0.0,0.11,0.0,0.02,0.18,0.02,0.01,0.0,0.1,0.03,0.23,0.0,Uterine Corpus Endometrial Carcinoma
576,0.15,0.04,0.04,0.05,0.01,0.01,0.03,0.1,0.01,0.01,0.0,0.03,0.03,0.03,0.02,0.01,0.06,0.08,0.2,0.05,0.04,Thyroid Carcinoma
1394,0.08,0.04,0.07,0.03,0.02,0.01,0.02,0.01,0.08,0.03,0.01,0.0,0.03,0.16,0.05,0.02,0.14,0.02,0.05,0.1,0.03,Prostate Adenocarcinoma
47,0.08,0.07,0.05,0.07,0.0,0.01,0.02,0.01,0.01,0.04,0.06,0.02,0.13,0.02,0.03,0.03,0.11,0.03,0.09,0.09,0.03,Ovarian Serous Cystadenocarcinoma
276,0.02,0.0,0.02,0.0,0.02,0.0,0.01,0.17,0.0,0.0,0.02,0.0,0.02,0.15,0.01,0.0,0.05,0.41,0.02,0.05,0.03,Stomach Adenocarcinoma
1766,0.11,0.02,0.01,0.12,0.02,0.06,0.01,0.09,0.0,0.01,0.05,0.01,0.03,0.07,0.01,0.0,0.15,0.02,0.14,0.06,0.01,Skin Cutaneous Melanoma
518,0.05,0.0,0.04,0.04,0.09,0.01,0.05,0.1,0.08,0.09,0.1,0.0,0.0,0.02,0.03,0.01,0.06,0.04,0.09,0.08,0.02,Head and Neck Squamous Cell Carcinoma
1709,0.1,0.02,0.04,0.01,0.04,0.14,0.02,0.08,0.01,0.01,0.08,0.01,0.0,0.01,0.06,0.0,0.1,0.06,0.11,0.09,0.01,Esophageal Carcinoma
572,0.13,0.0,0.04,0.04,0.01,0.03,0.0,0.01,0.02,0.01,0.04,0.0,0.01,0.0,0.01,0.0,0.16,0.05,0.35,0.08,0.01,Thyroid Carcinoma
1636,0.1,0.0,0.02,0.01,0.08,0.08,0.03,0.07,0.02,0.0,0.0,0.0,0.01,0.01,0.27,0.0,0.1,0.02,0.08,0.08,0.02,Rectum Adenocarcinoma
953,0.12,0.04,0.03,0.06,0.03,0.02,0.0,0.04,0.0,0.0,0.08,0.0,0.0,0.04,0.0,0.0,0.26,0.02,0.22,0.02,0.02,Skin Cutaneous Melanoma
175,0.02,0.06,0.16,0.08,0.04,0.09,0.01,0.07,0.03,0.04,0.1,0.0,0.03,0.02,0.02,0.04,0.1,0.03,0.01,0.03,0.02,Breast Invasive Carcinoma
85,0.04,0.0,0.08,0.03,0.05,0.0,0.03,0.02,0.26,0.1,0.01,0.0,0.02,0.0,0.04,0.02,0.1,0.02,0.06,0.1,0.02,Kidney Renal Papillary Cell Carcinoma
446,0.03,0.0,0.06,0.01,0.6,0.0,0.04,0.06,0.0,0.01,0.03,0.02,0.0,0.0,0.01,0.0,0.0,0.03,0.01,0.08,0.01,Colon Adenocarcinoma
161,0.14,0.02,0.06,0.03,0.11,0.05,0.02,0.08,0.03,0.01,0.07,0.0,0.01,0.03,0.02,0.0,0.05,0.06,0.11,0.1,0.0,Bladder Urothelial Carcinoma
581,0.21,0.06,0.05,0.02,0.0,0.02,0.08,0.02,0.04,0.02,0.01,0.03,0.04,0.04,0.02,0.0,0.08,0.03,0.17,0.04,0.02,Bladder Urothelial Carcinoma
461,0.06,0.02,0.02,0.01,0.36,0.02,0.01,0.05,0.0,0.01,0.01,0.0,0.01,0.0,0.18,0.02,0.05,0.0,0.12,0.03,0.02,Colon Adenocarcinoma
1274,0.03,0.01,0.01,0.0,0.04,0.02,0.01,0.07,0.01,0.01,0.02,0.0,0.01,0.01,0.0,0.0,0.04,0.02,0.06,0.63,0.0,Uterine Corpus Endometrial Carcinoma
1498,0.35,0.01,0.01,0.02,0.01,0.01,0.0,0.02,0.02,0.0,0.06,0.01,0.02,0.02,0.02,0.0,0.1,0.1,0.11,0.09,0.02,Bladder Urothelial Carcinoma
1514,0.29,0.03,0.02,0.01,0.01,0.0,0.1,0.07,0.0,0.0,0.04,0.06,0.1,0.03,0.0,0.01,0.03,0.01,0.11,0.03,0.05,Bladder Urothelial Carcinoma
135,0.07,0.05,0.03,0.06,0.06,0.01,0.01,0.17,0.1,0.07,0.02,0.0,0.0,0.04,0.02,0.01,0.09,0.08,0.02,0.09,0.0,Head and Neck Squamous Cell Carcinoma
1560,0.26,0.02,0.0,0.02,0.02,0.01,0.0,0.04,0.01,0.01,0.04,0.01,0.0,0.08,0.0,0.0,0.18,0.07,0.12,0.1,0.01,Bladder Urothelial Carcinoma
1769,0.1,0.03,0.08,0.08,0.04,0.01,0.02,0.15,0.03,0.04,0.1,0.02,0.0,0.05,0.01,0.01,0.07,0.07,0.03,0.05,0.01,Head and Neck Squamous Cell Carcinoma
1255,0.11,0.0,0.17,0.02,0.01,0.02,0.01,0.09,0.03,0.03,0.01,0.0,0.01,0.02,0.02,0.01,0.09,0.03,0.07,0.23,0.02,Uterine Corpus Endometrial Carcinoma
553,0.14,0.04,0.01,0.05,0.01,0.02,0.02,0.15,0.02,0.0,0.01,0.0,0.01,0.03,0.01,0.0,0.11,0.0,0.28,0.06,0.03,Thyroid Carcinoma
946,0.07,0.03,0.07,0.02,0.04,0.03,0.0,0.02,0.01,0.01,0.02,0.0,0.01,0.05,0.02,0.03,0.38,0.02,0.06,0.08,0.03,Skin Cutaneous Melanoma
1049,0.12,0.07,0.08,0.04,0.02,0.04,0.0,0.06,0.02,0.0,0.02,0.0,0.01,0.04,0.01,0.01,0.3,0.03,0.04,0.07,0.02,Skin Cutaneous Melanoma
182,0.14,0.03,0.01,0.05,0.02,0.02,0.03,0.27,0.01,0.02,0.05,0.0,0.01,0.03,0.02,0.01,0.13,0.05,0.02,0.07,0.01,Head and Neck Squamous Cell Carcinoma
1614,0.03,0.04,0.06,0.07,0.06,0.02,0.05,0.12,0.04,0.06,0.11,0.01,0.04,0.0,0.01,0.0,0.06,0.05,0.02,0.07,0.08,Head and Neck Squamous Cell Carcinoma
1706,0.1,0.04,0.04,0.03,0.07,0.13,0.0,0.04,0.03,0.0,0.03,0.0,0.03,0.03,0.04,0.0,0.1,0.01,0.21,0.06,0.01,Thyroid Carcinoma
737,0.05,0.03,0.05,0.02,0.01,0.02,0.16,0.15,0.03,0.01,0.21,0.0,0.01,0.02,0.03,0.01,0.05,0.05,0.06,0.01,0.02,Lung Adenocarcinoma
943,0.18,0.05,0.01,0.03,0.01,0.0,0.04,0.08,0.01,0.01,0.01,0.01,0.01,0.05,0.02,0.01,0.21,0.03,0.16,0.06,0.01,Skin Cutaneous Melanoma
187,0.04,0.04,0.07,0.05,0.03,0.0,0.03,0.25,0.01,0.03,0.15,0.02,0.03,0.01,0.01,0.01,0.06,0.05,0.07,0.01,0.03,Head and Neck Squamous Cell Carcinoma
977,0.13,0.05,0.02,0.04,0.07,0.04,0.03,0.18,0.0,0.01,0.06,0.01,0.01,0.06,0.02,0.0,0.05,0.09,0.04,0.04,0.05,Head and Neck Squamous Cell Carcinoma
887,0.02,0.86,0.01,0.02,0.04,0.01,0.0,0.0,0.01,0.0,0.0,0.01,0.0,0.0,0.01,0.0,0.0,0.01,0.0,0.0,0.0,Brain Lower Grade Glioma
1484,0.3,0.03,0.01,0.03,0.01,0.01,0.01,0.13,0.0,0.0,0.02,0.0,0.01,0.01,0.0,0.0,0.14,0.03,0.16,0.08,0.02,Bladder Urothelial Carcinoma
1190,0.05,0.04,0.04,0.03,0.02,0.02,0.0,0.1,0.01,0.0,0.05,0.0,0.02,0.06,0.01,0.0,0.07,0.02,0.05,0.38,0.03,Uterine Corpus Endometrial Carcinoma
1674,0.03,0.04,0.02,0.0,0.09,0.04,0.01,0.07,0.02,0.01,0.16,0.01,0.04,0.02,0.2,0.0,0.02,0.07,0.02,0.12,0.01,Rectum Adenocarcinoma
1794,0.05,0.03,0.01,0.01,0.01,0.0,0.04,0.05,0.0,0.0,0.0,0.02,0.04,0.09,0.0,0.0,0.02,0.08,0.04,0.06,0.45,Uveal Melanoma
1230,0.03,0.0,0.19,0.06,0.01,0.02,0.04,0.08,0.01,0.04,0.05,0.01,0.01,0.01,0.01,0.01,0.08,0.06,0.07,0.21,0.0,Uterine Corpus Endometrial Carcinoma
1347,0.12,0.12,0.01,0.05,0.01,0.05,0.01,0.16,0.0,0.02,0.03,0.0,0.0,0.07,0.0,0.0,0.14,0.04,0.08,0.07,0.02,Head and Neck Squamous Cell Carcinoma
988,0.13,0.03,0.04,0.1,0.06,0.08,0.0,0.08,0.0,0.01,0.05,0.0,0.01,0.01,0.05,0.01,0.15,0.0,0.17,0.02,0.0,Thyroid Carcinoma
1718,0.04,0.14,0.04,0.0,0.05,0.33,0.01,0.02,0.0,0.0,0.08,0.0,0.04,0.04,0.01,0.0,0.09,0.03,0.03,0.05,0.0,Esophageal Carcinoma
156,0.08,0.04,0.05,0.01,0.03,0.02,0.01,0.16,0.01,0.01,0.03,0.0,0.0,0.08,0.0,0.01,0.11,0.04,0.06,0.24,0.01,Uterine Corpus Endometrial Carcinoma
1054,0.08,0.06,0.05,0.06,0.01,0.01,0.01,0.02,0.04,0.01,0.02,0.01,0.0,0.03,0.0,0.0,0.26,0.02,0.24,0.03,0.04,Skin Cutaneous Melanoma
597,0.11,0.06,0.06,0.07,0.02,0.01,0.04,0.04,0.04,0.0,0.03,0.01,0.02,0.06,0.0,0.01,0.1,0.01,0.2,0.08,0.03,Thyroid Carcinoma
408,0.04,0.03,0.01,0.0,0.05,0.0,0.6,0.03,0.0,0.0,0.05,0.02,0.05,0.03,0.01,0.0,0.02,0.01,0.04,0.01,0.0,Glioblastoma Multiforme
764,0.04,0.08,0.13,0.16,0.02,0.01,0.0,0.05,0.0,0.0,0.04,0.0,0.0,0.08,0.03,0.01,0.19,0.02,0.09,0.03,0.02,Skin Cutaneous Melanoma
118,0.13,0.03,0.02,0.01,0.0,0.0,0.01,0.35,0.03,0.0,0.05,0.0,0.0,0.03,0.01,0.0,0.16,0.06,0.02,0.07,0.02,Head and Neck Squamous Cell Carcinoma
262,0.13,0.05,0.02,0.06,0.0,0.0,0.0,0.13,0.02,0.0,0.06,0.0,0.02,0.06,0.01,0.0,0.12,0.2,0.02,0.06,0.04,Stomach Adenocarcinoma
1609,0.03,0.02,0.27,0.04,0.02,0.01,0.02,0.03,0.01,0.0,0.05,0.0,0.03,0.03,0.02,0.32,0.01,0.01,0.0,0.07,0.01,Sarcoma
1051,0.13,0.04,0.01,0.01,0.03,0.01,0.03,0.13,0.0,0.0,0.03,0.04,0.0,0.04,0.01,0.0,0.12,0.18,0.15,0.04,0.0,Stomach Adenocarcinoma
1474,0.14,0.1,0.02,0.06,0.03,0.03,0.01,0.03,0.01,0.0,0.01,0.0,0.0,0.05,0.0,0.03,0.29,0.02,0.07,0.08,0.02,Skin Cutaneous Melanoma
259,0.16,0.0,0.0,0.12,0.0,0.05,0.02,0.08,0.03,0.03,0.06,0.03,0.03,0.06,0.01,0.0,0.06,0.19,0.03,0.03,0.01,Stomach Adenocarcinoma
278,0.05,0.04,0.03,0.03,0.02,0.03,0.05,0.06,0.01,0.0,0.05,0.09,0.05,0.02,0.02,0.0,0.04,0.21,0.17,0.02,0.01,Stomach Adenocarcinoma
1038,0.06,0.03,0.01,0.02,0.02,0.01,0.03,0.15,0.0,0.01,0.06,0.03,0.01,0.07,0.0,0.0,0.23,0.08,0.11,0.06,0.01,Skin Cutaneous Melanoma
1036,0.1,0.02,0.01,0.07,0.0,0.01,0.0,0.02,0.01,0.0,0.03,0.0,0.01,0.07,0.01,0.0,0.46,0.06,0.06,0.04,0.02,Skin Cutaneous Melanoma
1203,0.1,0.0,0.04,0.01,0.04,0.05,0.01,0.09,0.0,0.01,0.08,0.01,0.02,0.06,0.02,0.0,0.1,0.04,0.02,0.3,0.0,Uterine Corpus Endometrial Carcinoma
76,0.06,0.06,0.07,0.04,0.06,0.0,0.03,0.06,0.1,0.14,0.01,0.0,0.01,0.05,0.03,0.02,0.06,0.02,0.05,0.11,0.02,Liver Hepatocellular Carcinoma
1302,0.06,0.01,0.09,0.04,0.02,0.0,0.01,0.01,0.01,0.0,0.01,0.01,0.0,0.04,0.0,0.0,0.1,0.01,0.09,0.46,0.03,Uterine Corpus Endometrial Carcinoma
385,0.04,0.02,0.01,0.03,0.02,0.01,0.51,0.08,0.01,0.01,0.02,0.01,0.03,0.02,0.02,0.0,0.06,0.04,0.04,0.02,0.0,Glioblastoma Multiforme
1279,0.11,0.06,0.05,0.03,0.05,0.08,0.01,0.03,0.0,0.0,0.08,0.0,0.0,0.02,0.02,0.0,0.15,0.02,0.12,0.16,0.01,Uterine Corpus Endometrial Carcinoma
124,0.11,0.04,0.02,0.09,0.02,0.01,0.01,0.19,0.03,0.04,0.02,0.0,0.01,0.03,0.0,0.0,0.09,0.02,0.11,0.15,0.01,Head and Neck Squamous Cell Carcinoma
1410,0.06,0.07,0.11,0.04,0.02,0.01,0.09,0.01,0.03,0.03,0.04,0.0,0.05,0.17,0.01,0.0,0.09,0.01,0.06,0.08,0.02,Prostate Adenocarcinoma
706,0.04,0.04,0.06,0.01,0.07,0.02,0.01,0.05,0.1,0.15,0.01,0.01,0.02,0.03,0.03,0.03,0.12,0.01,0.07,0.11,0.01,Liver Hepatocellular Carcinoma
1042,0.09,0.03,0.03,0.05,0.04,0.0,0.01,0.06,0.01,0.01,0.05,0.02,0.01,0.01,0.07,0.01,0.15,0.05,0.08,0.11,0.11,Skin Cutaneous Melanoma
34,0.06,0.05,0.01,0.02,0.02,0.02,0.05,0.02,0.02,0.01,0.05,0.07,0.19,0.0,0.01,0.0,0.13,0.07,0.15,0.05,0.0,Ovarian Serous Cystadenocarcinoma
148,0.05,0.04,0.05,0.01,0.03,0.01,0.02,0.21,0.06,0.0,0.19,0.04,0.05,0.02,0.01,0.0,0.04,0.09,0.06,0.01,0.01,Head and Neck Squamous Cell Carcinoma
1639,0.05,0.01,0.03,0.04,0.24,0.17,0.03,0.0,0.0,0.0,0.05,0.01,0.0,0.02,0.22,0.01,0.02,0.01,0.02,0.06,0.01,Colon Adenocarcinoma
303,0.01,0.01,0.0,0.0,0.01,0.0,0.0,0.14,0.01,0.01,0.03,0.0,0.01,0.17,0.0,0.01,0.01,0.54,0.01,0.02,0.01,Stomach Adenocarcinoma
745,0.05,0.02,0.05,0.02,0.13,0.03,0.0,0.02,0.04,0.02,0.29,0.0,0.05,0.04,0.04,0.02,0.07,0.03,0.02,0.03,0.03,Lung Adenocarcinoma
1423,0.09,0.1,0.02,0.08,0.01,0.04,0.01,0.05,0.0,0.0,0.05,0.0,0.0,0.24,0.01,0.0,0.12,0.03,0.12,0.03,0.0,Prostate Adenocarcinoma
814,0.07,0.05,0.03,0.04,0.01,0.02,0.04,0.07,0.06,0.04,0.04,0.09,0.08,0.03,0.0,0.0,0.05,0.07,0.1,0.07,0.04,Thyroid Carcinoma
1537,0.25,0.04,0.03,0.03,0.02,0.01,0.08,0.03,0.02,0.01,0.02,0.01,0.05,0.06,0.0,0.0,0.08,0.04,0.1,0.09,0.03,Bladder Urothelial Carcinoma
818,0.03,0.03,0.02,0.01,0.01,0.0,0.1,0.09,0.02,0.0,0.06,0.03,0.02,0.05,0.03,0.0,0.14,0.15,0.11,0.07,0.03,Stomach Adenocarcinoma
333,0.0,0.0,0.0,0.0,0.0,0.0,0.0,0.1,0.0,0.0,0.01,0.02,0.01,0.07,0.01,0.0,0.0,0.78,0.0,0.0,0.0,Stomach Adenocarcinoma
1704,0.05,0.07,0.04,0.02,0.06,0.03,0.04,0.15,0.01,0.01,0.14,0.0,0.01,0.04,0.04,0.0,0.07,0.08,0.06,0.08,0.0,Head and Neck Squamous Cell Carcinoma
1737,0.04,0.13,0.08,0.05,0.06,0.08,0.02,0.06,0.01,0.0,0.12,0.0,0.11,0.03,0.04,0.01,0.09,0.01,0.02,0.04,0.0,Brain Lower Grade Glioma
1398,0.02,0.03,0.01,0.01,0.0,0.0,0.03,0.11,0.0,0.0,0.04,0.0,0.03,0.49,0.02,0.0,0.02,0.11,0.01,0.04,0.03,Prostate Adenocarcinoma
1401,0.01,0.0,0.0,0.0,0.0,0.0,0.01,0.09,0.01,0.0,0.02,0.0,0.01,0.72,0.0,0.0,0.0,0.08,0.03,0.0,0.02,Prostate Adenocarcinoma
1577,0.26,0.01,0.01,0.01,0.06,0.01,0.01,0.04,0.01,0.0,0.03,0.0,0.02,0.13,0.05,0.0,0.02,0.12,0.1,0.06,0.05,Bladder Urothelial Carcinoma
1021,0.12,0.02,0.02,0.03,0.03,0.01,0.02,0.19,0.01,0.0,0.03,0.0,0.0,0.08,0.0,0.0,0.11,0.05,0.1,0.1,0.08,Head and Neck Squamous Cell Carcinoma
563,0.1,0.05,0.0,0.02,0.04,0.01,0.07,0.13,0.0,0.01,0.02,0.02,0.06,0.02,0.02,0.0,0.02,0.1,0.22,0.03,0.06,Thyroid Carcinoma
14,0.03,0.02,0.0,0.0,0.04,0.01,0.28,0.06,0.0,0.01,0.07,0.02,0.16,0.03,0.06,0.01,0.02,0.06,0.06,0.06,0.0,Glioblastoma Multiforme
1027,0.05,0.15,0.06,0.08,0.01,0.05,0.01,0.03,0.05,0.03,0.01,0.02,0.01,0.02,0.03,0.01,0.17,0.05,0.08,0.07,0.01,Skin Cutaneous Melanoma
361,0.05,0.03,0.04,0.0,0.01,0.0,0.55,0.05,0.0,0.0,0.01,0.02,0.01,0.01,0.0,0.0,0.03,0.03,0.07,0.04,0.05,Glioblastoma Multiforme
1675,0.02,0.01,0.01,0.0,0.28,0.05,0.01,0.02,0.02,0.02,0.06,0.0,0.01,0.03,0.35,0.0,0.02,0.03,0.02,0.04,0.0,Rectum Adenocarcinoma
1147,0.08,0.04,0.31,0.06,0.01,0.02,0.01,0.04,0.01,0.0,0.1,0.0,0.01,0.02,0.0,0.02,0.07,0.02,0.06,0.06,0.06,Breast Invasive Carcinoma
1122,0.01,0.07,0.47,0.04,0.01,0.03,0.0,0.0,0.03,0.0,0.02,0.01,0.06,0.0,0.0,0.11,0.04,0.01,0.02,0.07,0.0,Breast Invasive Carcinoma
1419,0.11,0.1,0.0,0.04,0.0,0.02,0.0,0.21,0.0,0.0,0.05,0.0,0.0,0.14,0.03,0.0,0.07,0.07,0.06,0.06,0.04,Head and Neck Squamous Cell Carcinoma
1637,0.04,0.02,0.03,0.01,0.1,0.03,0.02,0.04,0.06,0.1,0.03,0.0,0.03,0.05,0.34,0.01,0.03,0.0,0.02,0.03,0.01,Rectum Adenocarcinoma
254,0.15,0.03,0.04,0.01,0.04,0.03,0.03,0.13,0.01,0.0,0.12,0.02,0.02,0.04,0.02,0.0,0.07,0.11,0.06,0.05,0.02,Bladder Urothelial Carcinoma
668,0.07,0.06,0.01,0.0,0.02,0.01,0.1,0.08,0.02,0.03,0.03,0.04,0.04,0.06,0.0,0.01,0.06,0.09,0.19,0.03,0.05,Thyroid Carcinoma
233,0.04,0.02,0.04,0.02,0.03,0.02,0.13,0.06,0.02,0.02,0.18,0.02,0.02,0.05,0.01,0.0,0.04,0.03,0.13,0.09,0.03,Lung Adenocarcinoma
1076,0.06,0.02,0.2,0.04,0.07,0.01,0.0,0.06,0.04,0.02,0.03,0.0,0.0,0.02,0.05,0.07,0.03,0.04,0.09,0.12,0.03,Breast Invasive Carcinoma
831,0.09,0.48,0.07,0.03,0.01,0.01,0.0,0.04,0.01,0.01,0.0,0.01,0.0,0.06,0.01,0.02,0.06,0.01,0.01,0.06,0.01,Brain Lower Grade Glioma
796,0.04,0.1,0.08,0.02,0.02,0.02,0.05,0.09,0.01,0.01,0.34,0.02,0.02,0.02,0.02,0.0,0.06,0.02,0.02,0.02,0.02,Lung Adenocarcinoma
1482,0.28,0.04,0.01,0.04,0.01,0.02,0.0,0.1,0.0,0.0,0.01,0.0,0.02,0.06,0.01,0.0,0.06,0.05,0.14,0.08,0.07,Bladder Urothelial Carcinoma
895,0.04,0.39,0.04,0.05,0.04,0.03,0.0,0.01,0.02,0.01,0.01,0.0,0.02,0.04,0.02,0.03,0.07,0.04,0.05,0.09,0.0,Brain Lower Grade Glioma
733,0.03,0.01,0.02,0.0,0.05,0.03,0.0,0.07,0.01,0.0,0.44,0.01,0.02,0.08,0.01,0.0,0.03,0.09,0.01,0.07,0.02,Lung Adenocarcinoma
969,0.1,0.03,0.04,0.03,0.04,0.06,0.01,0.04,0.03,0.02,0.03,0.0,0.02,0.03,0.0,0.01,0.32,0.02,0.12,0.04,0.01,Skin Cutaneous Melanoma
37,0.05,0.04,0.07,0.03,0.02,0.04,0.02,0.03,0.03,0.01,0.08,0.0,0.35,0.01,0.02,0.05,0.06,0.02,0.03,0.03,0.01,Ovarian Serous Cystadenocarcinoma
1777,0.09,0.01,0.12,0.16,0.02,0.0,0.04,0.14,0.03,0.01,0.04,0.0,0.03,0.01,0.03,0.01,0.03,0.12,0.02,0.08,0.01,Cervical Squamous Cell Carcinoma and Endocervical Adenocarcinoma
1192,0.06,0.04,0.0,0.02,0.01,0.01,0.0,0.14,0.01,0.03,0.0,0.01,0.04,0.09,0.0,0.0,0.06,0.11,0.1,0.23,0.04,Uterine Corpus Endometrial Carcinoma
1369,0.05,0.05,0.11,0.04,0.04,0.02,0.04,0.07,0.05,0.0,0.02,0.0,0.02,0.12,0.03,0.03,0.11,0.02,0.05,0.11,0.02,Prostate Adenocarcinoma
1710,0.04,0.07,0.11,0.04,0.03,0.11,0.01,0.05,0.02,0.01,0.07,0.0,0.04,0.04,0.06,0.06,0.08,0.02,0.04,0.1,0.0,Breast Invasive Carcinoma
479,0.04,0.0,0.03,0.04,0.29,0.02,0.04,0.04,0.02,0.0,0.09,0.0,0.01,0.0,0.15,0.01,0.04,0.07,0.05,0.04,0.02,Colon Adenocarcinoma
1389,0.08,0.0,0.01,0.0,0.06,0.03,0.01,0.16,0.0,0.0,0.04,0.0,0.01,0.28,0.03,0.0,0.0,0.17,0.05,0.03,0.04,Prostate Adenocarcinoma
152,0.09,0.03,0.0,0.0,0.0,0.02,0.03,0.37,0.01,0.0,0.0,0.0,0.01,0.08,0.0,0.0,0.01,0.16,0.08,0.07,0.04,Head and Neck Squamous Cell Carcinoma
1390,0.02,0.01,0.01,0.0,0.01,0.0,0.02,0.12,0.0,0.0,0.01,0.01,0.02,0.48,0.0,0.0,0.02,0.15,0.03,0.08,0.01,Prostate Adenocarcinoma
724,0.08,0.08,0.03,0.01,0.02,0.03,0.02,0.1,0.01,0.03,0.05,0.05,0.05,0.02,0.0,0.02,0.18,0.12,0.05,0.05,0.0,Skin Cutaneous Melanoma
655,0.03,0.06,0.07,0.11,0.01,0.0,0.0,0.03,0.01,0.01,0.02,0.0,0.02,0.02,0.02,0.02,0.18,0.0,0.28,0.07,0.04,Thyroid Carcinoma
1295,0.07,0.02,0.15,0.1,0.08,0.02,0.02,0.08,0.01,0.02,0.03,0.0,0.04,0.04,0.02,0.01,0.06,0.04,0.04,0.12,0.03,Breast Invasive Carcinoma
692,0.08,0.03,0.08,0.02,0.1,0.02,0.05,0.01,0.19,0.08,0.06,0.0,0.06,0.03,0.06,0.02,0.02,0.02,0.03,0.04,0.0,Kidney Renal Papillary Cell Carcinoma
1332,0.06,0.04,0.04,0.01,0.06,0.01,0.0,0.08,0.01,0.0,0.0,0.01,0.0,0.06,0.01,0.0,0.11,0.01,0.07,0.39,0.03,Uterine Corpus Endometrial Carcinoma
564,0.09,0.04,0.07,0.04,0.03,0.02,0.03,0.11,0.05,0.03,0.06,0.01,0.02,0.03,0.0,0.01,0.13,0.05,0.1,0.07,0.01,Skin Cutaneous Melanoma
762,0.04,0.01,0.04,0.03,0.05,0.01,0.05,0.05,0.0,0.0,0.45,0.01,0.02,0.01,0.01,0.0,0.07,0.1,0.02,0.03,0.0,Lung Adenocarcinoma
1792,0.11,0.01,0.09,0.12,0.03,0.01,0.04,0.08,0.04,0.01,0.03,0.0,0.01,0.01,0.02,0.04,0.08,0.05,0.07,0.14,0.01,Uterine Corpus Endometrial Carcinoma
1266,0.06,0.01,0.03,0.02,0.03,0.02,0.0,0.09,0.0,0.01,0.15,0.01,0.02,0.06,0.01,0.0,0.04,0.07,0.05,0.32,0.0,Uterine Corpus Endometrial Carcinoma
141,0.07,0.02,0.0,0.01,0.0,0.01,0.0,0.26,0.0,0.01,0.0,0.0,0.0,0.09,0.0,0.0,0.12,0.05,0.16,0.2,0.0,Head and Neck Squamous Cell Carcinoma
465,0.02,0.04,0.02,0.0,0.53,0.04,0.0,0.01,0.0,0.02,0.03,0.0,0.04,0.01,0.15,0.0,0.03,0.0,0.02,0.03,0.01,Colon Adenocarcinoma
229,0.08,0.03,0.08,0.03,0.03,0.01,0.12,0.25,0.01,0.01,0.09,0.02,0.03,0.04,0.02,0.01,0.03,0.03,0.03,0.04,0.01,Head and Neck Squamous Cell Carcinoma
1755,0.04,0.06,0.09,0.13,0.07,0.03,0.01,0.02,0.03,0.01,0.08,0.01,0.01,0.03,0.01,0.05,0.13,0.05,0.08,0.05,0.01,Cervical Squamous Cell Carcinoma and Endocervical Adenocarcinoma
1836,0.03,0.02,0.0,0.02,0.01,0.0,0.05,0.08,0.02,0.0,0.05,0.0,0.04,0.08,0.0,0.0,0.01,0.09,0.02,0.09,0.39,Uveal Melanoma
55,0.01,0.0,0.0,0.01,0.03,0.01,0.45,0.0,0.0,0.0,0.02,0.0,0.35,0.02,0.0,0.0,0.02,0.01,0.03,0.02,0.02,Glioblastoma Multiforme
322,0.05,0.01,0.02,0.01,0.03,0.0,0.01,0.24,0.0,0.0,0.03,0.01,0.06,0.22,0.0,0.0,0.0,0.17,0.03,0.07,0.04,Head and Neck Squamous Cell Carcinoma
1366,0.08,0.04,0.0,0.01,0.01,0.01,0.02,0.18,0.01,0.02,0.01,0.0,0.0,0.2,0.0,0.0,0.06,0.13,0.06,0.12,0.04,Prostate Adenocarcinoma
402,0.07,0.02,0.04,0.02,0.01,0.03,0.13,0.17,0.02,0.01,0.01,0.0,0.04,0.05,0.02,0.0,0.11,0.11,0.11,0.03,0.0,Head and Neck Squamous Cell Carcinoma
519,0.06,0.01,0.04,0.03,0.09,0.0,0.02,0.03,0.19,0.15,0.02,0.0,0.0,0.02,0.11,0.03,0.03,0.05,0.04,0.07,0.01,Kidney Renal Papillary Cell Carcinoma
1572,0.21,0.03,0.02,0.03,0.01,0.09,0.01,0.08,0.01,0.0,0.02,0.0,0.0,0.02,0.0,0.0,0.14,0.03,0.18,0.11,0.01,Bladder Urothelial Carcinoma
1154,0.07,0.05,0.47,0.02,0.03,0.03,0.01,0.03,0.0,0.01,0.01,0.0,0.02,0.04,0.03,0.0,0.03,0.01,0.02,0.1,0.02,Breast Invasive Carcinoma
353,0.1,0.01,0.0,0.04,0.06,0.02,0.05,0.08,0.05,0.04,0.01,0.02,0.03,0.1,0.01,0.0,0.17,0.06,0.06,0.06,0.03,Skin Cutaneous Melanoma
522,0.08,0.02,0.07,0.03,0.24,0.05,0.0,0.02,0.0,0.0,0.04,0.0,0.02,0.01,0.27,0.0,0.05,0.04,0.02,0.03,0.01,Rectum Adenocarcinoma
1096,0.02,0.02,0.33,0.06,0.02,0.02,0.0,0.06,0.02,0.02,0.04,0.02,0.02,0.05,0.02,0.0,0.04,0.05,0.07,0.08,0.04,Breast Invasive Carcinoma
987,0.06,0.17,0.01,0.05,0.05,0.02,0.01,0.01,0.02,0.02,0.07,0.02,0.04,0.0,0.02,0.01,0.27,0.05,0.04,0.03,0.03,Skin Cutaneous Melanoma
9,0.06,0.0,0.0,0.0,0.04,0.0,0.44,0.02,0.01,0.0,0.02,0.0,0.27,0.04,0.0,0.0,0.0,0.04,0.01,0.04,0.01,Glioblastoma Multiforme
436,0.07,0.07,0.09,0.02,0.13,0.03,0.03,0.03,0.05,0.01,0.12,0.0,0.01,0.02,0.19,0.01,0.03,0.03,0.03,0.03,0.0,Rectum Adenocarcinoma
757,0.08,0.09,0.03,0.04,0.0,0.05,0.05,0.05,0.0,0.01,0.1,0.01,0.04,0.04,0.0,0.0,0.05,0.15,0.08,0.11,0.02,Stomach Adenocarcinoma
847,0.11,0.27,0.03,0.12,0.03,0.01,0.02,0.03,0.0,0.0,0.05,0.02,0.0,0.01,0.0,0.01,0.11,0.05,0.07,0.02,0.04,Brain Lower Grade Glioma
1697,0.09,0.04,0.06,0.06,0.0,0.22,0.02,0.08,0.0,0.0,0.0,0.01,0.02,0.08,0.01,0.0,0.15,0.03,0.08,0.05,0.0,Esophageal Carcinoma
1440,0.03,0.01,0.0,0.01,0.0,0.0,0.03,0.11,0.0,0.01,0.04,0.01,0.0,0.43,0.01,0.0,0.0,0.25,0.01,0.04,0.01,Prostate Adenocarcinoma
721,0.01,0.0,0.0,0.0,0.04,0.0,0.03,0.08,0.0,0.0,0.48,0.01,0.03,0.1,0.02,0.0,0.02,0.12,0.0,0.06,0.0,Lung Adenocarcinoma
1234,0.12,0.02,0.0,0.02,0.01,0.0,0.03,0.04,0.01,0.01,0.01,0.01,0.01,0.1,0.0,0.0,0.07,0.06,0.08,0.35,0.05,Uterine Corpus Endometrial Carcinoma
39,0.02,0.0,0.0,0.01,0.06,0.0,0.1,0.06,0.0,0.0,0.07,0.0,0.52,0.04,0.0,0.0,0.0,0.07,0.01,0.03,0.01,Ovarian Serous Cystadenocarcinoma
1770,0.03,0.03,0.25,0.11,0.03,0.04,0.02,0.04,0.03,0.0,0.0,0.0,0.03,0.04,0.0,0.15,0.04,0.01,0.07,0.07,0.01,Breast Invasive Carcinoma
1359,0.11,0.02,0.02,0.02,0.0,0.01,0.02,0.08,0.01,0.0,0.02,0.0,0.0,0.29,0.0,0.0,0.12,0.16,0.04,0.04,0.04,Prostate Adenocarcinoma
568,0.06,0.02,0.02,0.0,0.01,0.0,0.09,0.12,0.0,0.01,0.04,0.03,0.02,0.06,0.02,0.01,0.08,0.16,0.14,0.08,0.03,Stomach Adenocarcinoma
223,0.07,0.03,0.08,0.05,0.03,0.0,0.02,0.08,0.03,0.01,0.01,0.0,0.01,0.14,0.0,0.0,0.17,0.02,0.08,0.13,0.04,Skin Cutaneous Melanoma
66,0.07,0.04,0.02,0.02,0.02,0.02,0.06,0.05,0.0,0.02,0.03,0.04,0.12,0.01,0.0,0.0,0.08,0.11,0.15,0.13,0.01,Thyroid Carcinoma
871,0.01,0.76,0.0,0.01,0.08,0.01,0.0,0.0,0.01,0.0,0.04,0.0,0.01,0.01,0.01,0.01,0.0,0.0,0.01,0.03,0.0,Brain Lower Grade Glioma
1693,0.07,0.04,0.02,0.04,0.05,0.03,0.07,0.11,0.01,0.01,0.02,0.01,0.02,0.06,0.02,0.0,0.06,0.07,0.07,0.21,0.01,Uterine Corpus Endometrial Carcinoma
459,0.01,0.03,0.03,0.01,0.47,0.01,0.01,0.01,0.03,0.02,0.08,0.0,0.02,0.0,0.12,0.01,0.06,0.03,0.04,0.01,0.0,Colon Adenocarcinoma
1411,0.01,0.01,0.02,0.0,0.01,0.0,0.01,0.12,0.0,0.0,0.06,0.0,0.03,0.62,0.01,0.0,0.01,0.04,0.02,0.01,0.02,Prostate Adenocarcinoma
206,0.13,0.04,0.01,0.03,0.03,0.0,0.01,0.3,0.0,0.01,0.02,0.01,0.0,0.02,0.0,0.0,0.08,0.08,0.13,0.07,0.03,Head and Neck Squamous Cell Carcinoma
1005,0.23,0.04,0.05,0.01,0.01,0.02,0.0,0.09,0.02,0.01,0.02,0.01,0.01,0.03,0.0,0.0,0.19,0.05,0.18,0.02,0.01,Bladder Urothelial Carcinoma
879,0.08,0.37,0.01,0.01,0.0,0.02,0.1,0.0,0.01,0.0,0.05,0.04,0.03,0.0,0.01,0.0,0.1,0.09,0.05,0.02,0.01,Brain Lower Grade Glioma
1744,0.06,0.0,0.34,0.23,0.02,0.03,0.0,0.02,0.0,0.01,0.0,0.0,0.01,0.0,0.02,0.07,0.06,0.01,0.05,0.05,0.02,Breast Invasive Carcinoma
390,0.0,0.0,0.0,0.0,0.0,0.0,0.69,0.02,0.0,0.0,0.01,0.0,0.14,0.03,0.01,0.0,0.0,0.02,0.02,0.04,0.02,Glioblastoma Multiforme
5,0.02,0.0,0.0,0.0,0.02,0.0,0.38,0.05,0.0,0.0,0.04,0.01,0.2,0.06,0.03,0.0,0.01,0.05,0.03,0.07,0.03,Glioblastoma Multiforme
58,0.06,0.09,0.03,0.03,0.1,0.04,0.0,0.03,0.0,0.01,0.11,0.0,0.34,0.01,0.04,0.02,0.04,0.01,0.01,0.03,0.0,Ovarian Serous Cystadenocarcinoma
1220,0.11,0.03,0.07,0.05,0.09,0.1,0.0,0.01,0.03,0.01,0.05,0.01,0.02,0.01,0.02,0.0,0.11,0.04,0.13,0.1,0.01,Thyroid Carcinoma
1559,0.17,0.01,0.01,0.04,0.04,0.01,0.01,0.13,0.01,0.0,0.01,0.01,0.01,0.01,0.0,0.0,0.11,0.03,0.17,0.2,0.02,Uterine Corpus Endometrial Carcinoma
813,0.09,0.05,0.03,0.0,0.0,0.01,0.03,0.03,0.03,0.02,0.05,0.04,0.01,0.07,0.0,0.0,0.09,0.2,0.11,0.13,0.01,Stomach Adenocarcinoma
521,0.01,0.07,0.06,0.02,0.18,0.03,0.01,0.03,0.02,0.01,0.09,0.0,0.01,0.03,0.28,0.0,0.04,0.04,0.03,0.04,0.0,Rectum Adenocarcinoma
1585,0.03,0.02,0.17,0.01,0.0,0.0,0.0,0.03,0.01,0.0,0.03,0.0,0.01,0.01,0.04,0.45,0.02,0.02,0.02,0.13,0.0,Sarcoma
1804,0.08,0.01,0.01,0.04,0.01,0.01,0.01,0.04,0.0,0.01,0.0,0.0,0.02,0.02,0.02,0.01,0.09,0.03,0.08,0.15,0.36,Uveal Melanoma
1596,0.01,0.04,0.14,0.03,0.05,0.0,0.0,0.02,0.01,0.01,0.05,0.01,0.03,0.01,0.03,0.41,0.02,0.02,0.03,0.07,0.01,Sarcoma
1650,0.09,0.01,0.06,0.02,0.39,0.0,0.03,0.08,0.0,0.0,0.02,0.02,0.02,0.01,0.13,0.0,0.01,0.06,0.01,0.01,0.03,Colon Adenocarcinoma
1487,0.31,0.04,0.01,0.01,0.07,0.0,0.04,0.08,0.02,0.0,0.06,0.0,0.0,0.09,0.03,0.0,0.01,0.11,0.02,0.06,0.04,Bladder Urothelial Carcinoma
1084,0.02,0.05,0.47,0.0,0.02,0.01,0.01,0.02,0.03,0.01,0.08,0.0,0.03,0.0,0.03,0.15,0.02,0.0,0.0,0.05,0.0,Breast Invasive Carcinoma
991,0.03,0.06,0.03,0.02,0.02,0.0,0.05,0.17,0.0,0.0,0.05,0.0,0.03,0.05,0.0,0.0,0.08,0.08,0.16,0.09,0.08,Head and Neck Squamous Cell Carcinoma
579,0.19,0.05,0.0,0.06,0.02,0.03,0.01,0.1,0.01,0.01,0.0,0.01,0.01,0.06,0.01,0.0,0.13,0.0,0.22,0.06,0.02,Thyroid Carcinoma
828,0.01,0.91,0.0,0.0,0.01,0.03,0.0,0.0,0.0,0.0,0.02,0.0,0.0,0.0,0.0,0.01,0.0,0.01,0.0,0.0,0.0,Brain Lower Grade Glioma
529,0.06,0.03,0.04,0.02,0.52,0.02,0.0,0.0,0.01,0.02,0.01,0.0,0.0,0.01,0.05,0.01,0.04,0.02,0.07,0.07,0.0,Colon Adenocarcinoma
92,0.04,0.01,0.04,0.04,0.07,0.0,0.03,0.07,0.14,0.16,0.01,0.0,0.04,0.04,0.04,0.01,0.05,0.02,0.08,0.06,0.05,Liver Hepatocellular Carcinoma
704,0.06,0.08,0.05,0.03,0.05,0.0,0.01,0.04,0.18,0.08,0.05,0.0,0.02,0.09,0.02,0.0,0.05,0.06,0.06,0.05,0.02,Kidney Renal Papillary Cell Carcinoma
1486,0.2,0.04,0.11,0.03,0.03,0.02,0.04,0.01,0.03,0.01,0.0,0.0,0.02,0.13,0.01,0.02,0.09,0.04,0.1,0.04,0.03,Bladder Urothelial Carcinoma
567,0.14,0.01,0.02,0.01,0.02,0.03,0.01,0.05,0.0,0.01,0.04,0.02,0.01,0.0,0.0,0.0,0.22,0.01,0.27,0.12,0.01,Thyroid Carcinoma
672,0.25,0.04,0.01,0.06,0.01,0.0,0.02,0.04,0.01,0.01,0.02,0.01,0.02,0.02,0.0,0.0,0.07,0.04,0.19,0.15,0.03,Bladder Urothelial Carcinoma
980,0.1,0.05,0.05,0.03,0.02,0.08,0.01,0.05,0.01,0.01,0.08,0.01,0.01,0.01,0.02,0.0,0.17,0.02,0.19,0.06,0.02,Thyroid Carcinoma
425,0.01,0.0,0.0,0.01,0.01,0.0,0.59,0.02,0.0,0.0,0.0,0.0,0.21,0.03,0.01,0.0,0.01,0.0,0.01,0.08,0.01,Glioblastoma Multiforme
632,0.1,0.02,0.03,0.01,0.09,0.08,0.0,0.02,0.01,0.04,0.03,0.0,0.0,0.01,0.03,0.01,0.21,0.0,0.22,0.09,0.0,Thyroid Carcinoma
144,0.01,0.01,0.03,0.03,0.02,0.02,0.03,0.47,0.03,0.02,0.05,0.01,0.02,0.07,0.0,0.0,0.03,0.07,0.04,0.04,0.0,Head and Neck Squamous Cell Carcinoma
1476,0.2,0.02,0.01,0.05,0.05,0.02,0.0,0.12,0.02,0.0,0.03,0.0,0.0,0.08,0.03,0.02,0.17,0.01,0.06,0.11,0.0,Bladder Urothelial Carcinoma
1275,0.02,0.04,0.27,0.07,0.01,0.03,0.02,0.02,0.03,0.02,0.0,0.0,0.02,0.03,0.03,0.0,0.03,0.0,0.02,0.32,0.02,Uterine Corpus Endometrial Carcinoma
1593,0.06,0.04,0.21,0.04,0.0,0.0,0.01,0.02,0.02,0.0,0.01,0.0,0.03,0.0,0.03,0.42,0.03,0.02,0.01,0.04,0.01,Sarcoma
974,0.16,0.0,0.01,0.03,0.02,0.04,0.0,0.08,0.01,0.01,0.01,0.0,0.03,0.02,0.02,0.0,0.29,0.02,0.16,0.09,0.0,Skin Cutaneous Melanoma
1374,0.06,0.0,0.01,0.0,0.02,0.0,0.05,0.11,0.0,0.01,0.01,0.01,0.01,0.42,0.0,0.0,0.0,0.21,0.0,0.05,0.03,Prostate Adenocarcinoma
526,0.05,0.0,0.05,0.05,0.3,0.04,0.02,0.01,0.06,0.02,0.03,0.0,0.02,0.01,0.14,0.01,0.04,0.03,0.05,0.01,0.06,Colon Adenocarcinoma
1406,0.02,0.02,0.01,0.0,0.0,0.0,0.0,0.04,0.02,0.0,0.02,0.0,0.01,0.76,0.01,0.0,0.01,0.05,0.01,0.02,0.0,Prostate Adenocarcinoma
557,0.11,0.01,0.0,0.01,0.01,0.05,0.0,0.17,0.0,0.01,0.01,0.0,0.02,0.05,0.02,0.0,0.14,0.02,0.22,0.14,0.01,Thyroid Carcinoma
19,0.05,0.03,0.04,0.02,0.04,0.01,0.07,0.09,0.0,0.0,0.11,0.0,0.19,0.1,0.02,0.0,0.0,0.08,0.08,0.06,0.01,Ovarian Serous Cystadenocarcinoma
1378,0.08,0.03,0.1,0.14,0.04,0.04,0.01,0.03,0.01,0.0,0.01,0.0,0.0,0.2,0.01,0.0,0.14,0.01,0.08,0.07,0.0,Prostate Adenocarcinoma
965,0.06,0.01,0.02,0.02,0.04,0.06,0.05,0.07,0.01,0.01,0.12,0.0,0.02,0.01,0.01,0.01,0.14,0.0,0.21,0.12,0.01,Thyroid Carcinoma
1416,0.02,0.02,0.0,0.0,0.01,0.0,0.05,0.16,0.0,0.0,0.0,0.0,0.01,0.62,0.0,0.0,0.0,0.07,0.01,0.02,0.01,Prostate Adenocarcinoma
54,0.0,0.0,0.02,0.0,0.02,0.0,0.13,0.03,0.03,0.0,0.02,0.0,0.58,0.05,0.0,0.0,0.0,0.05,0.03,0.04,0.0,Ovarian Serous Cystadenocarcinoma
1544,0.11,0.03,0.01,0.0,0.0,0.05,0.01,0.24,0.01,0.01,0.05,0.0,0.01,0.1,0.0,0.0,0.04,0.11,0.08,0.14,0.0,Head and Neck Squamous Cell Carcinoma
1800,0.09,0.04,0.0,0.01,0.01,0.01,0.04,0.05,0.01,0.02,0.01,0.02,0.01,0.06,0.01,0.0,0.05,0.05,0.08,0.11,0.32,Uveal Melanoma
501,0.02,0.01,0.03,0.0,0.37,0.01,0.04,0.04,0.01,0.01,0.09,0.0,0.0,0.04,0.17,0.0,0.01,0.04,0.05,0.05,0.01,Colon Adenocarcinoma
1361,0.01,0.0,0.01,0.0,0.0,0.0,0.02,0.04,0.0,0.0,0.0,0.0,0.0,0.78,0.0,0.0,0.0,0.09,0.01,0.03,0.01,Prostate Adenocarcinoma
1,0.08,0.02,0.03,0.02,0.01,0.03,0.03,0.06,0.01,0.02,0.02,0.02,0.04,0.04,0.0,0.0,0.05,0.17,0.17,0.13,0.05,Stomach Adenocarcinoma
615,0.07,0.02,0.03,0.1,0.05,0.08,0.01,0.03,0.01,0.0,0.05,0.0,0.03,0.01,0.03,0.01,0.28,0.01,0.12,0.05,0.01,Skin Cutaneous Melanoma
113,0.08,0.04,0.0,0.02,0.04,0.03,0.02,0.17,0.0,0.01,0.07,0.01,0.02,0.05,0.03,0.0,0.05,0.11,0.05,0.19,0.01,Uterine Corpus Endometrial Carcinoma
981,0.13,0.01,0.01,0.01,0.02,0.04,0.01,0.1,0.04,0.0,0.04,0.0,0.0,0.04,0.06,0.0,0.17,0.04,0.17,0.11,0.0,Skin Cutaneous Melanoma
898,0.09,0.52,0.02,0.05,0.01,0.03,0.03,0.04,0.01,0.0,0.02,0.02,0.0,0.02,0.0,0.01,0.06,0.02,0.05,0.0,0.0,Brain Lower Grade Glioma
475,0.09,0.02,0.04,0.01,0.34,0.04,0.05,0.04,0.0,0.01,0.09,0.0,0.03,0.02,0.14,0.0,0.02,0.01,0.0,0.04,0.01,Colon Adenocarcinoma
716,0.05,0.03,0.03,0.02,0.02,0.03,0.03,0.09,0.04,0.02,0.35,0.04,0.01,0.02,0.03,0.0,0.02,0.05,0.04,0.06,0.02,Lung Adenocarcinoma
82,0.1,0.02,0.07,0.03,0.03,0.03,0.02,0.03,0.04,0.24,0.04,0.01,0.01,0.01,0.02,0.02,0.05,0.06,0.07,0.09,0.01,Liver Hepatocellular Carcinoma
1546,0.1,0.09,0.02,0.01,0.02,0.01,0.1,0.03,0.0,0.01,0.03,0.04,0.06,0.05,0.0,0.0,0.11,0.09,0.1,0.1,0.03,Skin Cutaneous Melanoma
1116,0.05,0.06,0.08,0.06,0.03,0.0,0.01,0.09,0.02,0.02,0.01,0.01,0.01,0.03,0.03,0.05,0.21,0.04,0.06,0.13,0.0,Skin Cutaneous Melanoma
983,0.04,0.04,0.02,0.01,0.02,0.0,0.01,0.14,0.03,0.01,0.04,0.0,0.0,0.12,0.02,0.01,0.24,0.01,0.17,0.07,0.0,Skin Cutaneous Melanoma
1427,0.13,0.03,0.03,0.02,0.01,0.04,0.0,0.12,0.02,0.0,0.0,0.0,0.0,0.26,0.0,0.0,0.09,0.06,0.07,0.09,0.03,Prostate Adenocarcinoma
1775,0.04,0.09,0.05,0.37,0.04,0.02,0.0,0.01,0.01,0.0,0.01,0.01,0.0,0.1,0.01,0.0,0.09,0.05,0.04,0.05,0.01,Cervical Squamous Cell Carcinoma and Endocervical Adenocarcinoma
412,0.05,0.01,0.01,0.0,0.06,0.01,0.52,0.04,0.01,0.01,0.03,0.01,0.04,0.03,0.02,0.0,0.04,0.01,0.04,0.04,0.02,Glioblastoma Multiforme
1607,0.03,0.05,0.13,0.03,0.05,0.03,0.01,0.0,0.0,0.0,0.02,0.0,0.03,0.0,0.0,0.43,0.01,0.02,0.01,0.14,0.01,Sarcoma
122,0.07,0.08,0.03,0.13,0.01,0.03,0.02,0.11,0.0,0.03,0.09,0.01,0.02,0.05,0.02,0.01,0.17,0.04,0.05,0.02,0.01,Skin Cutaneous Melanoma
1433,0.12,0.01,0.02,0.01,0.04,0.0,0.05,0.16,0.0,0.0,0.03,0.01,0.01,0.22,0.03,0.0,0.0,0.14,0.05,0.04,0.06,Prostate Adenocarcinoma
318,0.03,0.02,0.02,0.01,0.01,0.0,0.0,0.04,0.0,0.0,0.06,0.0,0.04,0.4,0.0,0.0,0.01,0.24,0.06,0.05,0.01,Prostate Adenocarcinoma
48,0.01,0.0,0.0,0.01,0.03,0.0,0.49,0.08,0.0,0.0,0.03,0.01,0.25,0.03,0.01,0.01,0.0,0.03,0.01,0.0,0.0,Glioblastoma Multiforme
1101,0.03,0.05,0.23,0.05,0.05,0.05,0.04,0.0,0.01,0.02,0.05,0.02,0.01,0.06,0.01,0.16,0.08,0.03,0.03,0.02,0.0,Breast Invasive Carcinoma
565,0.05,0.08,0.03,0.04,0.02,0.01,0.03,0.04,0.01,0.0,0.0,0.0,0.01,0.01,0.0,0.0,0.1,0.0,0.39,0.15,0.03,Thyroid Carcinoma
993,0.09,0.05,0.02,0.03,0.02,0.0,0.02,0.06,0.0,0.02,0.12,0.01,0.02,0.06,0.01,0.0,0.2,0.07,0.14,0.05,0.01,Skin Cutaneous Melanoma
376,0.05,0.02,0.03,0.0,0.06,0.02,0.3,0.07,0.06,0.02,0.05,0.01,0.02,0.02,0.01,0.01,0.04,0.05,0.04,0.12,0.0,Glioblastoma Multiforme
1169,0.02,0.09,0.3,0.03,0.08,0.04,0.03,0.0,0.02,0.02,0.04,0.0,0.08,0.0,0.03,0.04,0.03,0.04,0.03,0.06,0.02,Breast Invasive Carcinoma
652,0.08,0.03,0.05,0.04,0.04,0.02,0.01,0.03,0.02,0.01,0.04,0.0,0.01,0.06,0.01,0.0,0.15,0.02,0.21,0.13,0.04,Thyroid Carcinoma
1323,0.06,0.0,0.01,0.04,0.01,0.02,0.03,0.04,0.0,0.02,0.01,0.01,0.01,0.09,0.02,0.0,0.11,0.02,0.02,0.44,0.04,Uterine Corpus Endometrial Carcinoma
52,0.02,0.01,0.0,0.0,0.0,0.0,0.45,0.05,0.0,0.0,0.03,0.0,0.23,0.05,0.02,0.0,0.0,0.01,0.02,0.1,0.01,Glioblastoma Multiforme
487,0.07,0.01,0.06,0.02,0.11,0.01,0.04,0.14,0.03,0.02,0.09,0.01,0.04,0.04,0.06,0.02,0.06,0.04,0.04,0.08,0.01,Head and Neck Squamous Cell Carcinoma
1632,0.0,0.0,0.04,0.01,0.38,0.01,0.05,0.0,0.01,0.01,0.04,0.0,0.03,0.01,0.29,0.0,0.01,0.04,0.01,0.06,0.0,Colon Adenocarcinoma
674,0.08,0.02,0.01,0.01,0.03,0.01,0.06,0.04,0.13,0.08,0.01,0.0,0.01,0.06,0.03,0.01,0.07,0.07,0.1,0.09,0.08,Kidney Renal Papillary Cell Carcinoma
159,0.15,0.02,0.03,0.02,0.02,0.0,0.02,0.32,0.02,0.01,0.0,0.01,0.0,0.05,0.01,0.0,0.15,0.01,0.05,0.1,0.01,Head and Neck Squamous Cell Carcinoma
670,0.23,0.02,0.0,0.07,0.02,0.0,0.0,0.06,0.0,0.01,0.03,0.02,0.0,0.02,0.0,0.0,0.18,0.04,0.27,0.03,0.0,Thyroid Carcinoma
342,0.05,0.01,0.02,0.01,0.03,0.0,0.01,0.24,0.0,0.0,0.03,0.01,0.06,0.22,0.0,0.0,0.0,0.17,0.03,0.07,0.04,Head and Neck Squamous Cell Carcinoma
520,0.03,0.01,0.02,0.02,0.37,0.06,0.01,0.01,0.0,0.01,0.04,0.0,0.0,0.0,0.3,0.01,0.05,0.03,0.03,0.0,0.0,Colon Adenocarcinoma
251,0.02,0.01,0.0,0.03,0.01,0.0,0.0,0.07,0.0,0.0,0.01,0.0,0.0,0.07,0.0,0.0,0.0,0.7,0.02,0.03,0.03,Stomach Adenocarcinoma
1187,0.01,0.0,0.0,0.06,0.04,0.01,0.01,0.03,0.0,0.0,0.01,0.01,0.01,0.02,0.01,0.0,0.1,0.0,0.04,0.61,0.03,Uterine Corpus Endometrial Carcinoma
1189,0.05,0.05,0.12,0.06,0.05,0.01,0.06,0.1,0.01,0.02,0.07,0.01,0.01,0.03,0.01,0.01,0.05,0.07,0.05,0.15,0.01,Uterine Corpus Endometrial Carcinoma
190,0.09,0.05,0.01,0.01,0.01,0.02,0.02,0.25,0.04,0.0,0.01,0.0,0.0,0.03,0.01,0.0,0.24,0.01,0.13,0.06,0.01,Head and Neck Squamous Cell Carcinoma
621,0.09,0.04,0.07,0.04,0.08,0.05,0.01,0.02,0.01,0.02,0.04,0.0,0.02,0.03,0.01,0.01,0.23,0.02,0.13,0.06,0.02,Skin Cutaneous Melanoma
620,0.21,0.07,0.02,0.06,0.02,0.0,0.02,0.05,0.03,0.01,0.02,0.0,0.03,0.08,0.02,0.0,0.12,0.01,0.15,0.05,0.03,Bladder Urothelial Carcinoma
310,0.12,0.08,0.06,0.01,0.03,0.01,0.02,0.06,0.08,0.02,0.05,0.01,0.01,0.03,0.04,0.01,0.14,0.15,0.04,0.02,0.01,Stomach Adenocarcinoma
596,0.09,0.03,0.1,0.11,0.03,0.02,0.0,0.04,0.01,0.0,0.01,0.0,0.02,0.02,0.01,0.0,0.28,0.01,0.16,0.06,0.0,Skin Cutaneous Melanoma
1121,0.02,0.01,0.34,0.03,0.0,0.02,0.03,0.07,0.01,0.02,0.01,0.0,0.03,0.01,0.01,0.0,0.09,0.02,0.04,0.24,0.0,Breast Invasive Carcinoma
924,0.07,0.06,0.11,0.03,0.04,0.05,0.0,0.05,0.08,0.03,0.04,0.0,0.04,0.08,0.01,0.01,0.11,0.05,0.06,0.06,0.02,Breast Invasive Carcinoma
1253,0.05,0.04,0.08,0.03,0.05,0.01,0.03,0.1,0.06,0.02,0.05,0.0,0.02,0.03,0.0,0.17,0.06,0.09,0.01,0.08,0.02,Sarcoma
1826,0.01,0.03,0.0,0.01,0.01,0.01,0.02,0.06,0.0,0.01,0.01,0.01,0.01,0.04,0.01,0.0,0.03,0.04,0.03,0.05,0.61,Uveal Melanoma
473,0.06,0.02,0.03,0.0,0.23,0.0,0.03,0.09,0.01,0.02,0.09,0.01,0.02,0.06,0.02,0.01,0.02,0.13,0.06,0.09,0.0,Colon Adenocarcinoma
253,0.01,0.01,0.0,0.0,0.01,0.0,0.0,0.14,0.01,0.01,0.03,0.0,0.01,0.17,0.0,0.01,0.01,0.54,0.01,0.02,0.01,Stomach Adenocarcinoma
905,0.04,0.23,0.08,0.01,0.03,0.01,0.15,0.04,0.02,0.01,0.04,0.0,0.04,0.02,0.03,0.01,0.11,0.02,0.05,0.06,0.0,Brain Lower Grade Glioma
299,0.08,0.05,0.01,0.0,0.0,0.01,0.0,0.08,0.0,0.0,0.04,0.01,0.0,0.14,0.01,0.0,0.06,0.35,0.07,0.05,0.04,Stomach Adenocarcinoma
748,0.05,0.09,0.21,0.04,0.04,0.04,0.0,0.01,0.0,0.01,0.08,0.0,0.01,0.04,0.0,0.01,0.12,0.03,0.14,0.06,0.02,Breast Invasive Carcinoma
940,0.1,0.01,0.03,0.03,0.03,0.06,0.01,0.02,0.02,0.02,0.07,0.01,0.01,0.02,0.02,0.0,0.24,0.06,0.17,0.07,0.0,Skin Cutaneous Melanoma
326,0.02,0.0,0.02,0.0,0.02,0.0,0.01,0.17,0.0,0.0,0.02,0.0,0.02,0.15,0.01,0.0,0.05,0.41,0.02,0.05,0.03,Stomach Adenocarcinoma
489,0.07,0.2,0.04,0.0,0.34,0.04,0.0,0.02,0.0,0.0,0.08,0.0,0.05,0.0,0.06,0.03,0.0,0.01,0.01,0.04,0.01,Colon Adenocarcinoma
957,0.1,0.03,0.01,0.03,0.03,0.03,0.01,0.08,0.03,0.01,0.05,0.0,0.0,0.05,0.02,0.0,0.26,0.05,0.09,0.06,0.06,Skin Cutaneous Melanoma
458,0.07,0.02,0.06,0.02,0.1,0.01,0.04,0.1,0.02,0.04,0.11,0.01,0.01,0.1,0.05,0.0,0.05,0.03,0.06,0.09,0.01,Lung Adenocarcinoma
1579,0.13,0.05,0.0,0.03,0.03,0.0,0.01,0.09,0.01,0.02,0.04,0.01,0.0,0.1,0.02,0.01,0.09,0.14,0.14,0.06,0.02,Stomach Adenocarcinoma
271,0.03,0.01,0.01,0.01,0.01,0.0,0.0,0.08,0.01,0.0,0.03,0.0,0.0,0.29,0.0,0.0,0.01,0.45,0.01,0.05,0.0,Stomach Adenocarcinoma
1414,0.08,0.08,0.01,0.01,0.03,0.01,0.03,0.05,0.02,0.02,0.03,0.01,0.04,0.07,0.0,0.0,0.13,0.04,0.14,0.16,0.04,Uterine Corpus Endometrial Carcinoma
1063,0.12,0.0,0.07,0.09,0.0,0.0,0.0,0.05,0.01,0.02,0.03,0.0,0.01,0.01,0.02,0.0,0.43,0.01,0.06,0.05,0.02,Skin Cutaneous Melanoma
393,0.03,0.02,0.03,0.02,0.1,0.03,0.51,0.03,0.02,0.01,0.01,0.01,0.01,0.01,0.03,0.0,0.02,0.02,0.03,0.05,0.01,Glioblastoma Multiforme
654,0.06,0.06,0.07,0.02,0.04,0.02,0.0,0.03,0.0,0.01,0.01,0.0,0.03,0.02,0.02,0.02,0.22,0.01,0.26,0.06,0.04,Thyroid Carcinoma
1259,0.01,0.0,0.16,0.04,0.11,0.03,0.02,0.03,0.0,0.0,0.01,0.0,0.01,0.01,0.03,0.0,0.02,0.03,0.01,0.48,0.0,Uterine Corpus Endometrial Carcinoma
4,0.03,0.05,0.08,0.04,0.0,0.01,0.02,0.02,0.04,0.09,0.05,0.0,0.25,0.05,0.01,0.02,0.02,0.03,0.07,0.07,0.05,Ovarian Serous Cystadenocarcinoma
204,0.0,0.04,0.09,0.06,0.02,0.0,0.05,0.2,0.03,0.04,0.07,0.03,0.02,0.01,0.01,0.01,0.07,0.09,0.11,0.04,0.01,Head and Neck Squamous Cell Carcinoma
1335,0.01,0.03,0.1,0.02,0.03,0.01,0.0,0.01,0.03,0.02,0.02,0.0,0.01,0.04,0.01,0.28,0.07,0.02,0.08,0.2,0.01,Sarcoma
219,0.08,0.01,0.03,0.01,0.01,0.0,0.01,0.08,0.0,0.01,0.07,0.0,0.02,0.17,0.03,0.0,0.05,0.28,0.07,0.05,0.02,Stomach Adenocarcinoma
1767,0.07,0.02,0.07,0.09,0.06,0.03,0.02,0.09,0.06,0.03,0.05,0.02,0.01,0.05,0.0,0.0,0.05,0.06,0.07,0.12,0.03,Uterine Corpus Endometrial Carcinoma
602,0.12,0.04,0.0,0.02,0.02,0.04,0.02,0.07,0.01,0.0,0.01,0.04,0.03,0.0,0.02,0.0,0.14,0.01,0.3,0.09,0.02,Thyroid Carcinoma
1382,0.09,0.03,0.02,0.03,0.01,0.0,0.01,0.06,0.01,0.0,0.03,0.0,0.0,0.39,0.0,0.0,0.15,0.01,0.07,0.08,0.01,Prostate Adenocarcinoma
918,0.1,0.06,0.01,0.0,0.03,0.0,0.02,0.11,0.02,0.0,0.02,0.06,0.02,0.04,0.0,0.0,0.07,0.06,0.17,0.19,0.02,Uterine Corpus Endometrial Carcinoma
558,0.26,0.09,0.02,0.03,0.01,0.01,0.08,0.01,0.02,0.0,0.05,0.02,0.1,0.04,0.0,0.02,0.11,0.01,0.08,0.03,0.01,Bladder Urothelial Carcinoma
512,0.05,0.01,0.02,0.02,0.25,0.0,0.01,0.08,0.05,0.05,0.07,0.01,0.04,0.01,0.1,0.01,0.04,0.06,0.02,0.03,0.07,Colon Adenocarcinoma
1665,0.02,0.0,0.03,0.01,0.11,0.04,0.0,0.02,0.02,0.02,0.01,0.0,0.0,0.0,0.48,0.0,0.03,0.04,0.04,0.08,0.05,Rectum Adenocarcinoma
467,0.06,0.04,0.07,0.01,0.3,0.0,0.0,0.02,0.0,0.0,0.03,0.0,0.02,0.01,0.19,0.0,0.09,0.02,0.07,0.05,0.02,Colon Adenocarcinoma
530,0.07,0.01,0.03,0.02,0.23,0.0,0.02,0.04,0.05,0.11,0.04,0.0,0.0,0.05,0.12,0.0,0.06,0.07,0.02,0.03,0.03,Colon Adenocarcinoma
1774,0.07,0.15,0.06,0.14,0.0,0.02,0.01,0.1,0.01,0.0,0.07,0.01,0.01,0.06,0.01,0.0,0.08,0.02,0.07,0.05,0.06,Brain Lower Grade Glioma
268,0.13,0.07,0.01,0.0,0.0,0.01,0.02,0.11,0.02,0.01,0.08,0.0,0.0,0.15,0.0,0.0,0.02,0.15,0.05,0.17,0.0,Uterine Corpus Endometrial Carcinoma
665,0.06,0.02,0.0,0.01,0.03,0.0,0.07,0.03,0.01,0.01,0.05,0.03,0.11,0.05,0.01,0.0,0.03,0.1,0.22,0.09,0.07,Thyroid Carcinoma
31,0.08,0.06,0.01,0.01,0.05,0.02,0.08,0.06,0.0,0.0,0.03,0.02,0.17,0.08,0.05,0.0,0.03,0.07,0.09,0.04,0.05,Ovarian Serous Cystadenocarcinoma
743,0.07,0.02,0.0,0.02,0.04,0.03,0.01,0.07,0.0,0.0,0.3,0.03,0.0,0.08,0.01,0.0,0.06,0.08,0.09,0.09,0.0,Lung Adenocarcinoma
1506,0.22,0.09,0.02,0.08,0.02,0.03,0.02,0.05,0.02,0.01,0.03,0.02,0.02,0.01,0.0,0.02,0.11,0.02,0.12,0.07,0.02,Bladder Urothelial Carcinoma
582,0.13,0.01,0.02,0.07,0.01,0.03,0.01,0.06,0.01,0.01,0.02,0.02,0.0,0.02,0.01,0.0,0.16,0.01,0.24,0.1,0.06,Thyroid Carcinoma
347,0.04,0.13,0.06,0.05,0.05,0.03,0.04,0.05,0.03,0.03,0.03,0.01,0.03,0.01,0.01,0.0,0.26,0.09,0.03,0.02,0.0,Skin Cutaneous Melanoma
1353,0.01,0.02,0.01,0.0,0.0,0.0,0.01,0.12,0.0,0.0,0.03,0.01,0.0,0.54,0.01,0.0,0.02,0.1,0.07,0.05,0.0,Prostate Adenocarcinoma
1620,0.04,0.02,0.04,0.03,0.39,0.02,0.01,0.02,0.0,0.0,0.05,0.0,0.02,0.0,0.24,0.02,0.02,0.01,0.02,0.05,0.0,Colon Adenocarcinoma
1625,0.08,0.08,0.03,0.05,0.19,0.03,0.03,0.03,0.0,0.0,0.06,0.0,0.03,0.02,0.19,0.0,0.04,0.02,0.09,0.02,0.01,Colon Adenocarcinoma
1321,0.0,0.01,0.15,0.02,0.02,0.0,0.02,0.02,0.02,0.01,0.01,0.0,0.01,0.04,0.0,0.48,0.07,0.02,0.02,0.08,0.0,Sarcoma
866,0.18,0.09,0.02,0.02,0.02,0.01,0.05,0.05,0.02,0.01,0.02,0.05,0.04,0.05,0.01,0.0,0.09,0.03,0.09,0.11,0.04,Bladder Urothelial Carcinoma
788,0.07,0.0,0.08,0.03,0.04,0.01,0.06,0.14,0.01,0.04,0.19,0.04,0.03,0.04,0.03,0.0,0.07,0.03,0.06,0.01,0.02,Lung Adenocarcinoma
1003,0.09,0.03,0.03,0.07,0.07,0.0,0.03,0.16,0.01,0.0,0.06,0.01,0.01,0.08,0.03,0.0,0.04,0.07,0.08,0.06,0.07,Head and Neck Squamous Cell Carcinoma
1672,0.02,0.01,0.15,0.06,0.08,0.05,0.0,0.03,0.03,0.06,0.03,0.0,0.01,0.03,0.21,0.03,0.05,0.03,0.02,0.07,0.03,Rectum Adenocarcinoma
1386,0.11,0.06,0.04,0.03,0.02,0.01,0.05,0.02,0.01,0.02,0.05,0.02,0.04,0.06,0.03,0.0,0.06,0.14,0.18,0.03,0.02,Thyroid Carcinoma
1032,0.08,0.01,0.04,0.03,0.01,0.03,0.0,0.01,0.0,0.01,0.06,0.0,0.04,0.04,0.01,0.01,0.34,0.03,0.16,0.06,0.03,Skin Cutaneous Melanoma
89,0.02,0.08,0.04,0.04,0.07,0.02,0.0,0.03,0.18,0.27,0.02,0.0,0.0,0.04,0.03,0.02,0.04,0.0,0.04,0.06,0.0,Liver Hepatocellular Carcinoma
651,0.06,0.01,0.04,0.0,0.0,0.01,0.02,0.1,0.01,0.01,0.04,0.06,0.01,0.03,0.01,0.0,0.06,0.19,0.24,0.07,0.03,Thyroid Carcinoma
642,0.07,0.13,0.01,0.04,0.05,0.03,0.02,0.02,0.01,0.02,0.06,0.0,0.03,0.19,0.02,0.0,0.05,0.05,0.08,0.08,0.04,Prostate Adenocarcinoma
1340,0.08,0.06,0.01,0.09,0.01,0.04,0.02,0.05,0.0,0.0,0.0,0.0,0.0,0.47,0.0,0.0,0.05,0.06,0.03,0.02,0.01,Prostate Adenocarcinoma
1342,0.08,0.03,0.05,0.06,0.01,0.03,0.01,0.05,0.02,0.04,0.02,0.0,0.01,0.26,0.01,0.0,0.13,0.04,0.07,0.06,0.02,Prostate Adenocarcinoma
177,0.06,0.01,0.03,0.03,0.01,0.01,0.1,0.32,0.04,0.02,0.05,0.01,0.03,0.04,0.02,0.0,0.05,0.09,0.04,0.04,0.0,Head and Neck Squamous Cell Carcinoma
1267,0.03,0.04,0.19,0.04,0.02,0.07,0.0,0.05,0.05,0.01,0.05,0.01,0.08,0.02,0.0,0.0,0.05,0.03,0.02,0.22,0.02,Uterine Corpus Endometrial Carcinoma
658,0.07,0.02,0.03,0.04,0.02,0.04,0.01,0.03,0.0,0.0,0.02,0.01,0.01,0.01,0.01,0.0,0.28,0.01,0.32,0.07,0.0,Thyroid Carcinoma
481,0.16,0.03,0.02,0.03,0.22,0.0,0.0,0.02,0.03,0.0,0.04,0.0,0.01,0.0,0.08,0.01,0.17,0.01,0.1,0.06,0.01,Colon Adenocarcinoma
1379,0.03,0.0,0.01,0.0,0.03,0.0,0.02,0.15,0.0,0.0,0.02,0.0,0.01,0.66,0.0,0.0,0.0,0.03,0.0,0.03,0.01,Prostate Adenocarcinoma
1178,0.02,0.03,0.01,0.01,0.02,0.01,0.02,0.1,0.0,0.0,0.01,0.0,0.01,0.1,0.01,0.0,0.06,0.06,0.02,0.47,0.04,Uterine Corpus Endometrial Carcinoma
1437,0.09,0.04,0.03,0.03,0.0,0.04,0.0,0.17,0.02,0.0,0.02,0.01,0.01,0.22,0.0,0.0,0.09,0.06,0.09,0.05,0.03,Prostate Adenocarcinoma
1615,0.05,0.03,0.04,0.05,0.02,0.06,0.06,0.12,0.03,0.01,0.1,0.01,0.03,0.06,0.04,0.0,0.11,0.04,0.03,0.05,0.06,Head and Neck Squamous Cell Carcinoma
1126,0.05,0.02,0.29,0.12,0.03,0.03,0.02,0.01,0.02,0.02,0.04,0.02,0.0,0.01,0.0,0.02,0.07,0.05,0.07,0.1,0.01,Breast Invasive Carcinoma
1835,0.03,0.02,0.05,0.0,0.02,0.05,0.01,0.05,0.01,0.0,0.09,0.0,0.02,0.04,0.06,0.01,0.09,0.01,0.03,0.08,0.33,Uveal Melanoma
